{
  "name": "angular-resource",
  "version": "1.3.2",
  "main": "./angular-resource.js",
  "ignore": [],
  "dependencies": {
    "angular": "1.3.2"
  },
  "homepage": "https://github.com/angular/bower-angular-resource",
  "_release": "1.3.2",
  "_resolution": {
    "type": "version",
    "tag": "v1.3.2",
    "commit": "118de24ac662f8d5b2a573f93cf4f72f2d0a50f4"
  },
  "_source": "git://github.com/angular/bower-angular-resource.git",
  "_target": "~1.3.2",
  "_originalSource": "angular-resource",
  "_direct": true
}