{
  "name": "angular-ui-grid",
  "version": "3.0.0-rc.14",
  "main": [
    "./ui-grid.css",
    "./ui-grid.eot",
    "./ui-grid.js",
    "./ui-grid.svg",
    "./ui-grid.ttf",
    "./ui-grid.woff"
  ],
  "ignore": [],
  "dependencies": {
    "angular": "~1.2.16"
  },
  "homepage": "http://ui-grid.info",
  "_release": "3.0.0-rc.14",
  "_resolution": {
    "type": "version",
    "tag": "v3.0.0-rc.14",
    "commit": "7bef247d3aa9c0c9092cea9516e15829c89136af"
  },
  "_source": "git://github.com/angular-ui/bower-ui-grid.git",
  "_target": "~3.0.0-rc.14",
  "_originalSource": "angular-ui-grid",
  "_direct": true
}